<?xml version="1.0" encoding="UTF-8"?>

<ClinicalUseDefinition xmlns="http://hl7.org/fhir">
  <id value="zz"/>
  <meta>
    <profile value="http://hl7.org/fhir/uv/emedicinal-product-info/StructureDefinition/ClinicalUseDefinition-interaction-uv-epi"/>
  </meta>
  <text>
    <status value="generated"/><div xmlns="http://www.w3.org/1999/xhtml"><p><b>Generated Narrative: ClinicalUseDefinition</b><a name="zz"> </a></p><div style="display: inline-block; background-color: #d9e0e7; padding: 6px; margin: 4px; border: 1px solid #8da1b4; border-radius: 5px; line-height: 60%"><p style="margin-bottom: 0px">Resource ClinicalUseDefinition &quot;zz&quot; </p><p style="margin-bottom: 0px">Profile: <a href="StructureDefinition-ClinicalUseDefinition-interaction-uv-epi.html">ClinicalUseDefinition Interaction (ePI)</a></p></div><p><b>identifier</b>: id: xx (use: OFFICIAL)</p><p><b>type</b>: interaction</p><p><b>subject</b>: <a href="MedicinalProductDefinition-3eebcfec-8f3e-450b-b348-68e12e7cde87.html">MedicinalProductDefinition/3eebcfec-8f3e-450b-b348-68e12e7cde87</a></p><blockquote><p><b>interaction</b></p><h3>Interactants</h3><table class="grid"><tr><td>-</td><td><b>Item[x]</b></td></tr><tr><td>*</td><td>METHOTREXATE <span style="background: LightGoldenRodYellow; margin: 4px; border: 1px solid khaki"> (#YL5FZ2Y5U1)</span></td></tr></table></blockquote></div>
  </text>
  <identifier>
    <use value="official"/>
    <system value="https://spor.ema.europa.eu/rmswi/#/"/>
    <value value="xx"/>
  </identifier>
  <type value="interaction"/>
  <subject>
    <reference value="MedicinalProductDefinition/3eebcfec-8f3e-450b-b348-68e12e7cde87"/>
  </subject>
  <interaction>
    <interactant>
      <itemCodeableConcept>
        <coding>
          <system value="https://gsrs.ncats.nih.gov/ginas/app/beta/"/>
          <code value="YL5FZ2Y5U1"/>
          <display value="METHOTREXATE"/>
        </coding>
      </itemCodeableConcept>
    </interactant>
  </interaction>
</ClinicalUseDefinition>