<?xml version="1.0" encoding="UTF-8"?>

<ManufacturedItemDefinition xmlns="http://hl7.org/fhir">
  <id value="8cb8f57f-aa9f-47da-83fd-a099ab0bea71"/>
  <meta>
    <profile value="http://hl7.org/fhir/uv/emedicinal-product-info/StructureDefinition/ManufacturedItemDefinition-uv-epi"/>
  </meta>
  <text>
    <status value="generated"/><div xmlns="http://www.w3.org/1999/xhtml"><p><b>Generated Narrative: ManufacturedItemDefinition</b><a name="8cb8f57f-aa9f-47da-83fd-a099ab0bea71"> </a></p><div style="display: inline-block; background-color: #d9e0e7; padding: 6px; margin: 4px; border: 1px solid #8da1b4; border-radius: 5px; line-height: 60%"><p style="margin-bottom: 0px">Resource ManufacturedItemDefinition &quot;8cb8f57f-aa9f-47da-83fd-a099ab0bea71&quot; </p><p style="margin-bottom: 0px">Profile: <a href="StructureDefinition-ManufacturedItemDefinition-uv-epi.html">ManufacturedItemDefinition (ePI)</a></p></div><p><b>identifier</b>: id: x (use: OFFICIAL)</p><p><b>status</b>: active</p><p><b>manufacturedDoseForm</b>: Coated tablet <span style="background: LightGoldenRodYellow; margin: 4px; border: 1px solid khaki"> (#100000073380)</span></p><p><b>unitOfPresentation</b>: Tablet <span style="background: LightGoldenRodYellow; margin: 4px; border: 1px solid khaki"> (rmswi#200000002152)</span></p><p><b>manufacturer</b>: <a href="Organization-1115f2ae-4569-4aab-8f1d-a48a2f91511c.html">Organization/1115f2ae-4569-4aab-8f1d-a48a2f91511c</a> &quot;LABORATORIOS CINFA, S.A.&quot;</p></div>
  </text>
  <identifier>
    <use value="official"/>
    <system value="https://spor.ema.europa.eu/pmswi/#/"/>
    <value value="x"/>
  </identifier>
  <status value="active"/>
  <manufacturedDoseForm>
    <coding>
      <system value="https://spor.ema.europa.eu/rmswi/"/>
      <code value="100000073380"/>
      <display value="Coated tablet"/>
    </coding>
  </manufacturedDoseForm>
  <unitOfPresentation>
    <coding>
      <system value="https://spor.ema.europa.eu/rmswi"/>
      <code value="200000002152"/>
      <display value="Tablet"/>
    </coding>
  </unitOfPresentation>
  <manufacturer>
    <reference value="Organization/1115f2ae-4569-4aab-8f1d-a48a2f91511c"/>
  </manufacturer>
</ManufacturedItemDefinition>