<?xml version="1.0" encoding="UTF-8"?>

<ManufacturedItemDefinition xmlns="http://hl7.org/fhir">
  <id value="cfsb1650998521654"/>
  <text>
    <status value="generated"/><div xmlns="http://www.w3.org/1999/xhtml"><p><b>Generated Narrative: ManufacturedItemDefinition</b><a name="cfsb1650998521654"> </a></p><div style="display: inline-block; background-color: #d9e0e7; padding: 6px; margin: 4px; border: 1px solid #8da1b4; border-radius: 5px; line-height: 60%"><p style="margin-bottom: 0px">Resource ManufacturedItemDefinition &quot;cfsb1650998521654&quot; </p></div><p><b>identifier</b>: id: EU/1/19/1370/001 (use: OFFICIAL)</p><p><b>status</b>: active</p><p><b>manufacturedDoseForm</b>: Film-coated tablet <span style="background: LightGoldenRodYellow; margin: 4px; border: 1px solid khaki"> (#100000073665)</span></p><p><b>unitOfPresentation</b>: Tablet <span style="background: LightGoldenRodYellow; margin: 4px; border: 1px solid khaki"> (rmswi#200000002152)</span></p><p><b>manufacturer</b>: <a href="Organization-cfsb1650997423990.html">Organization/cfsb1650997423990</a> &quot;GLAXO WELLCOME, S.A.&quot;</p></div>
  </text>
  <identifier>
    <use value="official"/>
    <system value="https://spor.ema.europa.eu/pmswi/#/"/>
    <value value="EU/1/19/1370/001"/>
  </identifier>
  <status value="active"/>
  <manufacturedDoseForm>
    <coding>
      <system value="https://spor.ema.europa.eu/rmswi/"/>
      <code value="100000073665"/>
    </coding>
    <text value="Film-coated tablet"/>
  </manufacturedDoseForm>
  <unitOfPresentation>
    <coding>
      <system value="https://spor.ema.europa.eu/rmswi"/>
      <code value="200000002152"/>
    </coding>
    <text value="Tablet"/>
  </unitOfPresentation>
  <manufacturer>
    <reference value="Organization/cfsb1650997423990"/>
  </manufacturer>
</ManufacturedItemDefinition>