<?xml version="1.0" encoding="UTF-8"?>

<Organization xmlns="http://hl7.org/fhir">
  <id value="6f34afc3-66a7-4410-99ad-53604ea211f4"/>
  <meta>
    <profile value="http://hl7.org/fhir/uv/emedicinal-product-info/StructureDefinition/Organization-uv-epi"/>
  </meta>
  <text>
    <status value="generated"/><div xmlns="http://www.w3.org/1999/xhtml"><p><b>Generated Narrative: Organization</b><a name="6f34afc3-66a7-4410-99ad-53604ea211f4"> </a></p><div style="display: inline-block; background-color: #d9e0e7; padding: 6px; margin: 4px; border: 1px solid #8da1b4; border-radius: 5px; line-height: 60%"><p style="margin-bottom: 0px">Resource Organization &quot;6f34afc3-66a7-4410-99ad-53604ea211f4&quot; </p><p style="margin-bottom: 0px">Profile: <a href="StructureDefinition-Organization-uv-epi.html">Organization (ePI)</a></p></div><p><b>identifier</b>: id: ORG-100001175 (use: OFFICIAL)</p><p><b>active</b>: true</p><p><b>type</b>: Manufacturer Batch release <span style="background: LightGoldenRodYellow; margin: 4px; border: 1px solid khaki"> (rmswi#220000000033)</span></p><p><b>name</b>: Sanofi-Aventis Deutschland GmbH</p><h3>Contacts</h3><table class="grid"><tr><td>-</td><td><b>Address</b></td></tr><tr><td>*</td><td>Brueningstrasse 50, Industriepark Höchst Frankfurt am Main de(WORK)</td></tr></table></div>
  </text>
  <identifier>
    <use value="official"/>
    <system value="https://spor.ema.europa.eu/omswi"/>
    <value value="ORG-100001175"/>
  </identifier>
  <active value="true"/>
  <type>
    <coding>
      <system value="https://spor.ema.europa.eu/rmswi"/>
      <code value="220000000033"/>
      <display value="Manufacturer Batch release"/>
    </coding>
    <text value="Manufacturer Batch release"/>
  </type>
  <name value="Sanofi-Aventis Deutschland GmbH"/>
  <contact>
    <address>
      <use value="work"/>
      <type value="physical"/>
      <text value="Brueningstrasse 50, Industriepark Höchst Frankfurt am Main de"/>
      <line value="Brueningstrasse 50, Industriepark Höchst"/>
      <city value="Frankfurt am Main"/>
      <postalCode value="65927"/>
      <country value="de"/>
    </address>
  </contact>
</Organization>