<?xml version="1.0" encoding="UTF-8"?>

<ValueSet xmlns="http://hl7.org/fhir">
  <id value="sectionCode"/>
  <text>
    <status value="generated"/><div xmlns="http://www.w3.org/1999/xhtml"><ul><li>Include these codes as defined in <code>http://example.org</code><table class="none"><tr><td style="white-space:nowrap"><b>Code</b></td><td><b>Display</b></td></tr><tr><td>sectionCode</td><td>sedtion code placeholder</td></tr></table></li></ul></div>
  </text>
  <url value="http://hl7.org/fhir/uv/emedicinal-product-info/ValueSet/sectionCode"/>
  <version value="1.0.0-ballot"/>
  <name value="VsSectionCode"/>
  <title value="Section Codes"/>
  <status value="active"/>
  <experimental value="false"/>
  <date value="2022-12-20T13:12:12+00:00"/>
  <contact>
    <name value="HL7 BR&amp;R"/>
    <telecom>
      <system value="url"/>
      <value value="http://www.hl7.org/Special/committees/rcrim"/>
    </telecom>
  </contact>
  <description value="Section Codes"/>
  <jurisdiction>
    <coding>
      <system value="http://unstats.un.org/unsd/methods/m49/m49.htm"/>
      <code value="001"/>
      <display value="World"/>
    </coding>
  </jurisdiction>
  <compose>
    <include>
      <system value="http://example.org"/>
      <concept>
        <code value="sectionCode"/>
        <display value="sedtion code placeholder"/>
      </concept>
    </include>
  </compose>
</ValueSet>