{
  "resourceType" : "AdministrableProductDefinition",
  "id" : "88272368-f0bf-4222-aec0-4829b44b6d0b",
  "meta" : {
    "profile" : ["http://hl7.org/fhir/uv/emedicinal-product-info/StructureDefinition/AdministrableProductDefinition-uv-epi"]
  },
  "text" : {
    "status" : "generated",
    "div" : "<div xmlns=\"http://www.w3.org/1999/xhtml\"><p><b>Generated Narrative: AdministrableProductDefinition</b><a name=\"88272368-f0bf-4222-aec0-4829b44b6d0b\"> </a></p><div style=\"display: inline-block; background-color: #d9e0e7; padding: 6px; margin: 4px; border: 1px solid #8da1b4; border-radius: 5px; line-height: 60%\"><p style=\"margin-bottom: 0px\">Resource AdministrableProductDefinition &quot;88272368-f0bf-4222-aec0-4829b44b6d0b&quot; </p><p style=\"margin-bottom: 0px\">Profile: <a href=\"StructureDefinition-AdministrableProductDefinition-uv-epi.html\">AdministrableProductDefinition (ePI)</a></p></div><p><b>identifier</b>: id: TBD</p><p><b>status</b>: active</p><p><b>formOf</b>: <a href=\"MedicinalProductDefinition-8e4f1fbf-70e9-470a-9694-e0168320b56c.html\">MedicinalProductDefinition/8e4f1fbf-70e9-470a-9694-e0168320b56c</a></p><p><b>administrableDoseForm</b>: Solution for injection <span style=\"background: LightGoldenRodYellow; margin: 4px; border: 1px solid khaki\"> (rmswi#100000073863)</span></p><p><b>unitOfPresentation</b>: Pen <span style=\"background: LightGoldenRodYellow; margin: 4px; border: 1px solid khaki\"> (rmswi#200000002135)</span></p><p><b>producedFrom</b>: <a href=\"ManufacturedItemDefinition-3cc3914b-e0f5-43f4-b4fc-c02e7c70ecf7.html\">ManufacturedItemDefinition/3cc3914b-e0f5-43f4-b4fc-c02e7c70ecf7</a></p><blockquote><p><b>routeOfAdministration</b></p><p><b>code</b>: Subcutaneous use <span style=\"background: LightGoldenRodYellow; margin: 4px; border: 1px solid khaki\"> (rmswi#100000073633)</span></p><h3>TargetSpecies</h3><table class=\"grid\"><tr><td>-</td><td><b>Code</b></td></tr><tr><td>*</td><td>Human <span style=\"background: LightGoldenRodYellow; margin: 4px; border: 1px solid khaki\"> (rmswi#100000109093)</span></td></tr></table></blockquote></div>"
  },
  "identifier" : [{
    "system" : "https://www.who-umc.org/phpid",
    "value" : "TBD"
  }],
  "status" : "active",
  "formOf" : [{
    "reference" : "MedicinalProductDefinition/8e4f1fbf-70e9-470a-9694-e0168320b56c"
  }],
  "administrableDoseForm" : {
    "coding" : [{
      "system" : "https://spor.ema.europa.eu/rmswi",
      "code" : "100000073863",
      "display" : "Solution for injection"
    }]
  },
  "unitOfPresentation" : {
    "coding" : [{
      "system" : "https://spor.ema.europa.eu/rmswi",
      "code" : "200000002135",
      "display" : "Pen"
    }]
  },
  "producedFrom" : [{
    "reference" : "ManufacturedItemDefinition/3cc3914b-e0f5-43f4-b4fc-c02e7c70ecf7"
  }],
  "routeOfAdministration" : [{
    "code" : {
      "coding" : [{
        "system" : "https://spor.ema.europa.eu/rmswi",
        "code" : "100000073633",
        "display" : "Subcutaneous use"
      }]
    },
    "targetSpecies" : [{
      "code" : {
        "coding" : [{
          "system" : "https://spor.ema.europa.eu/rmswi",
          "code" : "100000109093",
          "display" : "Human"
        }]
      }
    }]
  }]
}