{
  "resourceType" : "AdministrableProductDefinition",
  "id" : "702309aa-2383-4116-9f1f-541e48c9026e",
  "meta" : {
    "profile" : ["http://hl7.org/fhir/uv/emedicinal-product-info/StructureDefinition/AdministrableProductDefinition-uv-epi"]
  },
  "text" : {
    "status" : "generated",
    "div" : "<div xmlns=\"http://www.w3.org/1999/xhtml\"><p><b>Generated Narrative: AdministrableProductDefinition</b><a name=\"702309aa-2383-4116-9f1f-541e48c9026e\"> </a></p><div style=\"display: inline-block; background-color: #d9e0e7; padding: 6px; margin: 4px; border: 1px solid #8da1b4; border-radius: 5px; line-height: 60%\"><p style=\"margin-bottom: 0px\">Resource AdministrableProductDefinition &quot;702309aa-2383-4116-9f1f-541e48c9026e&quot; </p><p style=\"margin-bottom: 0px\">Profile: <a href=\"StructureDefinition-AdministrableProductDefinition-uv-epi.html\">AdministrableProductDefinition (ePI)</a></p></div><p><b>identifier</b>: id: xx</p><p><b>status</b>: active</p><p><b>formOf</b>: <a href=\"MedicinalProductDefinition-c86f891a-a25c-431b-a229-a0e17e3815c5.html\">MedicinalProductDefinition/c86f891a-a25c-431b-a229-a0e17e3815c5</a></p><p><b>administrableDoseForm</b>: tablet <span style=\"background: LightGoldenRodYellow; margin: 4px; border: 1px solid khaki\"> (rmswi#200000002152)</span></p><p><b>unitOfPresentation</b>: tablet <span style=\"background: LightGoldenRodYellow; margin: 4px; border: 1px solid khaki\"> (rmswi#200000002152)</span></p><p><b>producedFrom</b>: <a href=\"ManufacturedItemDefinition-7e6920cb-c95e-4251-961e-bfd59f1269bb.html\">ManufacturedItemDefinition/7e6920cb-c95e-4251-961e-bfd59f1269bb</a></p><blockquote><p><b>routeOfAdministration</b></p><p><b>code</b>: Oral use <span style=\"background: LightGoldenRodYellow; margin: 4px; border: 1px solid khaki\"> (rmswi#100000073619)</span></p><h3>TargetSpecies</h3><table class=\"grid\"><tr><td>-</td><td><b>Code</b></td></tr><tr><td>*</td><td>Human <span style=\"background: LightGoldenRodYellow; margin: 4px; border: 1px solid khaki\"> (rmswi#100000109093)</span></td></tr></table></blockquote></div>"
  },
  "identifier" : [{
    "system" : "https://www.who-umc.org/phpid",
    "value" : "xx"
  }],
  "status" : "active",
  "formOf" : [{
    "reference" : "MedicinalProductDefinition/c86f891a-a25c-431b-a229-a0e17e3815c5"
  }],
  "administrableDoseForm" : {
    "coding" : [{
      "system" : "https://spor.ema.europa.eu/rmswi",
      "code" : "200000002152",
      "display" : "tablet"
    }]
  },
  "unitOfPresentation" : {
    "coding" : [{
      "system" : "https://spor.ema.europa.eu/rmswi",
      "code" : "200000002152",
      "display" : "tablet"
    }]
  },
  "producedFrom" : [{
    "reference" : "ManufacturedItemDefinition/7e6920cb-c95e-4251-961e-bfd59f1269bb"
  }],
  "routeOfAdministration" : [{
    "code" : {
      "coding" : [{
        "system" : "https://spor.ema.europa.eu/rmswi",
        "code" : "100000073619",
        "display" : "Oral use"
      }]
    },
    "targetSpecies" : [{
      "code" : {
        "coding" : [{
          "system" : "https://spor.ema.europa.eu/rmswi",
          "code" : "100000109093",
          "display" : "Human"
        }]
      }
    }]
  }]
}