{
  "resourceType" : "ClinicalUseDefinition",
  "id" : "541ff1c0-dd74-407c-8ca4-294ef97cfc05",
  "meta" : {
    "profile" : ["http://hl7.org/fhir/uv/emedicinal-product-info/StructureDefinition/ClinicalUseDefinition-contraindication-uv-epi"]
  },
  "text" : {
    "status" : "generated",
    "div" : "<div xmlns=\"http://www.w3.org/1999/xhtml\"><p><b>Generated Narrative: ClinicalUseDefinition</b><a name=\"541ff1c0-dd74-407c-8ca4-294ef97cfc05\"> </a></p><div style=\"display: inline-block; background-color: #d9e0e7; padding: 6px; margin: 4px; border: 1px solid #8da1b4; border-radius: 5px; line-height: 60%\"><p style=\"margin-bottom: 0px\">Resource ClinicalUseDefinition &quot;541ff1c0-dd74-407c-8ca4-294ef97cfc05&quot; </p><p style=\"margin-bottom: 0px\">Profile: <a href=\"StructureDefinition-ClinicalUseDefinition-contraindication-uv-epi.html\">ClinicalUseDefinition Contraindication (ePI)</a></p></div><p><b>identifier</b>: id: Hypersensitivity reaction (use: OFFICIAL)</p><p><b>type</b>: contraindication</p><p><b>subject</b>: <a href=\"MedicinalProductDefinition-c05aadd3-d40a-460f-b63f-4e994b00b7ef.html\">MedicinalProductDefinition/c05aadd3-d40a-460f-b63f-4e994b00b7ef</a></p><blockquote><p><b>contraindication</b></p><h3>DiseaseSymptomProcedures</h3><table class=\"grid\"><tr><td>-</td><td><b>Concept</b></td></tr><tr><td>*</td><td>Contraindication <span style=\"background: LightGoldenRodYellow; margin: 4px; border: 1px solid khaki\"> (<a href=\"http://terminology.hl7.org/5.0.0/CodeSystem-mdr.html\">MedDRA</a>#nan)</span></td></tr></table></blockquote></div>"
  },
  "identifier" : [{
    "use" : "official",
    "system" : "https://spor.ema.europa.eu/rmswi/#/",
    "value" : "Hypersensitivity reaction"
  }],
  "type" : "contraindication",
  "subject" : [{
    "reference" : "MedicinalProductDefinition/c05aadd3-d40a-460f-b63f-4e994b00b7ef"
  }],
  "contraindication" : {
    "diseaseSymptomProcedure" : {
      "concept" : {
        "coding" : [{
          "system" : "http://terminology.hl7.org/CodeSystem/mdr",
          "code" : "nan",
          "display" : "Contraindication"
        }]
      }
    }
  }
}