{
  "resourceType" : "CodeSystem",
  "id" : "CodeSystemUvEPIRrmswi",
  "text" : {
    "status" : "generated",
    "div" : "<div xmlns=\"http://www.w3.org/1999/xhtml\"><p>This code system <code>http://hl7.org/fhir/uv/emedicinal-product-info/CodeSystem/CodeSystemUvEPIRrmswi</code> defines the following codes:</p><table class=\"codes\"><tr><td style=\"white-space:nowrap\"><b>Code</b></td><td><b>Display</b></td></tr><tr><td style=\"white-space:nowrap\">00000072072<a name=\"CodeSystemUvEPIRrmswi-00000072072\"> </a></td><td>active</td></tr><tr><td style=\"white-space:nowrap\">100000000012<a name=\"CodeSystemUvEPIRrmswi-100000000012\"> </a></td><td/></tr><tr><td style=\"white-space:nowrap\">100000072062<a name=\"CodeSystemUvEPIRrmswi-100000072062\"> </a></td><td/></tr><tr><td style=\"white-space:nowrap\">100000072082<a name=\"CodeSystemUvEPIRrmswi-100000072082\"> </a></td><td/></tr><tr><td style=\"white-space:nowrap\">100000072084<a name=\"CodeSystemUvEPIRrmswi-100000072084\"> </a></td><td>Medicinal product subject to medical prescription</td></tr><tr><td style=\"white-space:nowrap\">100000073543<a name=\"CodeSystemUvEPIRrmswi-100000073543\"> </a></td><td>Pre-filled pen</td></tr><tr><td style=\"white-space:nowrap\">100000073578<a name=\"CodeSystemUvEPIRrmswi-100000073578\"> </a></td><td>Gingival use</td></tr><tr><td style=\"white-space:nowrap\">100000073633<a name=\"CodeSystemUvEPIRrmswi-100000073633\"> </a></td><td/></tr><tr><td style=\"white-space:nowrap\">100000073646<a name=\"CodeSystemUvEPIRrmswi-100000073646\"> </a></td><td>Oral solution</td></tr><tr><td style=\"white-space:nowrap\">100000073864<a name=\"CodeSystemUvEPIRrmswi-100000073864\"> </a></td><td/></tr><tr><td style=\"white-space:nowrap\">100000109093<a name=\"CodeSystemUvEPIRrmswi-100000109093\"> </a></td><td/></tr><tr><td style=\"white-space:nowrap\">100000155527<a name=\"CodeSystemUvEPIRrmswi-100000155527\"> </a></td><td>Chemical Medicinal Product</td></tr><tr><td style=\"white-space:nowrap\">100000155538<a name=\"CodeSystemUvEPIRrmswi-100000155538\"> </a></td><td/></tr><tr><td style=\"white-space:nowrap\">200000002135<a name=\"CodeSystemUvEPIRrmswi-200000002135\"> </a></td><td/></tr><tr><td style=\"white-space:nowrap\">200000002145<a name=\"CodeSystemUvEPIRrmswi-200000002145\"> </a></td><td>Spoonful</td></tr><tr><td style=\"white-space:nowrap\">200000003204<a name=\"CodeSystemUvEPIRrmswi-200000003204\"> </a></td><td>Glass type I</td></tr><tr><td style=\"white-space:nowrap\">100000073496<a name=\"CodeSystemUvEPIRrmswi-100000073496\"> </a></td><td>Blister</td></tr><tr><td style=\"white-space:nowrap\">220000000001<a name=\"CodeSystemUvEPIRrmswi-220000000001\"> </a></td><td>Full name</td></tr><tr><td style=\"white-space:nowrap\">220000000002<a name=\"CodeSystemUvEPIRrmswi-220000000002\"> </a></td><td>Invented name part</td></tr><tr><td style=\"white-space:nowrap\">220000000003<a name=\"CodeSystemUvEPIRrmswi-220000000003\"> </a></td><td>Scientific name part</td></tr><tr><td style=\"white-space:nowrap\">220000000004<a name=\"CodeSystemUvEPIRrmswi-220000000004\"> </a></td><td>Strength part</td></tr><tr><td style=\"white-space:nowrap\">220000000005<a name=\"CodeSystemUvEPIRrmswi-220000000005\"> </a></td><td>Pharmaceutical dose form part</td></tr><tr><td style=\"white-space:nowrap\">220000000033<a name=\"CodeSystemUvEPIRrmswi-220000000033\"> </a></td><td/></tr><tr><td style=\"white-space:nowrap\">220000000034<a name=\"CodeSystemUvEPIRrmswi-220000000034\"> </a></td><td/></tr><tr><td style=\"white-space:nowrap\">30007000<a name=\"CodeSystemUvEPIRrmswi-30007000\"> </a></td><td>Blister</td></tr><tr><td style=\"white-space:nowrap\">200000003222<a name=\"CodeSystemUvEPIRrmswi-200000003222\"> </a></td><td>PolyVinyl Chloride</td></tr><tr><td style=\"white-space:nowrap\">200000003215<a name=\"CodeSystemUvEPIRrmswi-200000003215\"> </a></td><td>High Density PolyEthylene</td></tr><tr><td style=\"white-space:nowrap\">100000073497<a name=\"CodeSystemUvEPIRrmswi-100000073497\"> </a></td><td>Bottle</td></tr><tr><td style=\"white-space:nowrap\">10219000<a name=\"CodeSystemUvEPIRrmswi-10219000\"> </a></td><td>Tablet</td></tr><tr><td style=\"white-space:nowrap\">15054000<a name=\"CodeSystemUvEPIRrmswi-15054000\"> </a></td><td>Tablet</td></tr><tr><td style=\"white-space:nowrap\">20053000<a name=\"CodeSystemUvEPIRrmswi-20053000\"> </a></td><td>Oral use</td></tr><tr><td style=\"white-space:nowrap\">100000116155<a name=\"CodeSystemUvEPIRrmswi-100000116155\"> </a></td><td>Granules and solvent for oral suspension</td></tr><tr><td style=\"white-space:nowrap\">100000073619<a name=\"CodeSystemUvEPIRrmswi-100000073619\"> </a></td><td>oral use</td></tr><tr><td style=\"white-space:nowrap\">100000155538-0<a name=\"CodeSystemUvEPIRrmswi-100000155538-0\"> </a></td><td/></tr><tr><td style=\"white-space:nowrap\">100000155538-1<a name=\"CodeSystemUvEPIRrmswi-100000155538-1\"> </a></td><td/></tr><tr><td style=\"white-space:nowrap\">100000155538-2<a name=\"CodeSystemUvEPIRrmswi-100000155538-2\"> </a></td><td/></tr><tr><td style=\"white-space:nowrap\">100000155538-3<a name=\"CodeSystemUvEPIRrmswi-100000155538-3\"> </a></td><td/></tr><tr><td style=\"white-space:nowrap\">100000155538-4<a name=\"CodeSystemUvEPIRrmswi-100000155538-4\"> </a></td><td/></tr><tr><td style=\"white-space:nowrap\">100000155538-5<a name=\"CodeSystemUvEPIRrmswi-100000155538-5\"> </a></td><td/></tr><tr><td style=\"white-space:nowrap\">100000155538-6<a name=\"CodeSystemUvEPIRrmswi-100000155538-6\"> </a></td><td/></tr><tr><td style=\"white-space:nowrap\">100000073504<a name=\"CodeSystemUvEPIRrmswi-100000073504\"> </a></td><td>Child-resistant closure</td></tr><tr><td style=\"white-space:nowrap\">200000003529<a name=\"CodeSystemUvEPIRrmswi-200000003529\"> </a></td><td>Cardboard</td></tr><tr><td style=\"white-space:nowrap\">200000002152<a name=\"CodeSystemUvEPIRrmswi-200000002152\"> </a></td><td/></tr><tr><td style=\"white-space:nowrap\">200000001111<a name=\"CodeSystemUvEPIRrmswi-200000001111\"> </a></td><td>List of Products</td></tr><tr><td style=\"white-space:nowrap\">200000001112<a name=\"CodeSystemUvEPIRrmswi-200000001112\"> </a></td><td>List of ePI documents</td></tr></table></div>"
  },
  "url" : "http://hl7.org/fhir/uv/emedicinal-product-info/CodeSystem/CodeSystemUvEPIRrmswi",
  "version" : "1.0.0-ballot",
  "name" : "CodeSystemUvEPIRrmswi",
  "title" : "Referentials Management Services CodeSystem",
  "status" : "active",
  "experimental" : false,
  "date" : "2022-12-20T13:12:12+00:00",
  "contact" : [{
    "name" : "HL7 BR&R",
    "telecom" : [{
      "system" : "url",
      "value" : "http://www.hl7.org/Special/committees/rcrim"
    }]
  }],
  "description" : "Items from https://spor.ema.europa.eu/rmswi",
  "jurisdiction" : [{
    "coding" : [{
      "system" : "http://unstats.un.org/unsd/methods/m49/m49.htm",
      "code" : "001",
      "display" : "World"
    }]
  }],
  "caseSensitive" : false,
  "content" : "complete",
  "count" : 45,
  "concept" : [{
    "code" : "00000072072",
    "display" : "active"
  },
  {
    "code" : "100000000012"
  },
  {
    "code" : "100000072062"
  },
  {
    "code" : "100000072082"
  },
  {
    "code" : "100000072084",
    "display" : "Medicinal product subject to medical prescription"
  },
  {
    "code" : "100000073543",
    "display" : "Pre-filled pen"
  },
  {
    "code" : "100000073578",
    "display" : "Gingival use"
  },
  {
    "code" : "100000073633"
  },
  {
    "code" : "100000073646",
    "display" : "Oral solution"
  },
  {
    "code" : "100000073864"
  },
  {
    "code" : "100000109093"
  },
  {
    "code" : "100000155527",
    "display" : "Chemical Medicinal Product"
  },
  {
    "code" : "100000155538"
  },
  {
    "code" : "200000002135"
  },
  {
    "code" : "200000002145",
    "display" : "Spoonful"
  },
  {
    "code" : "200000003204",
    "display" : "Glass type I"
  },
  {
    "code" : "100000073496",
    "display" : "Blister"
  },
  {
    "code" : "220000000001",
    "display" : "Full name"
  },
  {
    "code" : "220000000002",
    "display" : "Invented name part"
  },
  {
    "code" : "220000000003",
    "display" : "Scientific name part"
  },
  {
    "code" : "220000000004",
    "display" : "Strength part"
  },
  {
    "code" : "220000000005",
    "display" : "Pharmaceutical dose form part"
  },
  {
    "code" : "220000000033"
  },
  {
    "code" : "220000000034"
  },
  {
    "code" : "30007000",
    "display" : "Blister"
  },
  {
    "code" : "200000003222",
    "display" : "PolyVinyl Chloride"
  },
  {
    "code" : "200000003215",
    "display" : "High Density PolyEthylene"
  },
  {
    "code" : "100000073497",
    "display" : "Bottle"
  },
  {
    "code" : "10219000",
    "display" : "Tablet"
  },
  {
    "code" : "15054000",
    "display" : "Tablet"
  },
  {
    "code" : "20053000",
    "display" : "Oral use"
  },
  {
    "code" : "100000116155",
    "display" : "Granules and solvent for oral suspension"
  },
  {
    "code" : "100000073619",
    "display" : "oral use"
  },
  {
    "code" : "100000155538-0"
  },
  {
    "code" : "100000155538-1"
  },
  {
    "code" : "100000155538-2"
  },
  {
    "code" : "100000155538-3"
  },
  {
    "code" : "100000155538-4"
  },
  {
    "code" : "100000155538-5"
  },
  {
    "code" : "100000155538-6"
  },
  {
    "code" : "100000073504",
    "display" : "Child-resistant closure"
  },
  {
    "code" : "200000003529",
    "display" : "Cardboard"
  },
  {
    "code" : "200000002152"
  },
  {
    "code" : "200000001111",
    "display" : "List of Products"
  },
  {
    "code" : "200000001112",
    "display" : "List of ePI documents"
  }]
}