{
  "resourceType" : "ManufacturedItemDefinition",
  "id" : "c31e4605-bb1a-41b9-b716-4dd869c27fa4",
  "meta" : {
    "profile" : ["http://hl7.org/fhir/uv/emedicinal-product-info/StructureDefinition/ManufacturedItemDefinition-uv-epi"]
  },
  "text" : {
    "status" : "generated",
    "div" : "<div xmlns=\"http://www.w3.org/1999/xhtml\"><p><b>Generated Narrative: ManufacturedItemDefinition</b><a name=\"c31e4605-bb1a-41b9-b716-4dd869c27fa4\"> </a></p><div style=\"display: inline-block; background-color: #d9e0e7; padding: 6px; margin: 4px; border: 1px solid #8da1b4; border-radius: 5px; line-height: 60%\"><p style=\"margin-bottom: 0px\">Resource ManufacturedItemDefinition &quot;c31e4605-bb1a-41b9-b716-4dd869c27fa4&quot; </p><p style=\"margin-bottom: 0px\">Profile: <a href=\"StructureDefinition-ManufacturedItemDefinition-uv-epi.html\">ManufacturedItemDefinition (ePI)</a></p></div><p><b>identifier</b>: id: EU/1/16/1157/003 (use: OFFICIAL)</p><p><b>status</b>: active</p><p><b>manufacturedDoseForm</b>: Solution <span style=\"background: LightGoldenRodYellow; margin: 4px; border: 1px solid khaki\"> (#200000002007)</span></p><p><b>unitOfPresentation</b>: Pen <span style=\"background: LightGoldenRodYellow; margin: 4px; border: 1px solid khaki\"> (rmswi#200000002135)</span></p><p><b>manufacturer</b>: <a href=\"Organization-688f4906-a6b5-4241-b734-72a5ea7acce6.html\">Organization/688f4906-a6b5-4241-b734-72a5ea7acce6</a> &quot;Sanofi-Aventis Groupe&quot;</p></div>"
  },
  "identifier" : [{
    "use" : "official",
    "system" : "https://spor.ema.europa.eu/pmswi/#/",
    "value" : "EU/1/16/1157/003"
  }],
  "status" : "active",
  "manufacturedDoseForm" : {
    "coding" : [{
      "system" : "https://spor.ema.europa.eu/rmswi/",
      "code" : "200000002007",
      "display" : "Solution"
    }]
  },
  "unitOfPresentation" : {
    "coding" : [{
      "system" : "https://spor.ema.europa.eu/rmswi",
      "code" : "200000002135",
      "display" : "Pen"
    }]
  },
  "manufacturer" : [{
    "reference" : "Organization/688f4906-a6b5-4241-b734-72a5ea7acce6"
  }]
}