{
  "resourceType" : "Organization",
  "id" : "cfsb1650997423990",
  "text" : {
    "status" : "generated",
    "div" : "<div xmlns=\"http://www.w3.org/1999/xhtml\"><p><b>Generated Narrative: Organization</b><a name=\"cfsb1650997423990\"> </a></p><div style=\"display: inline-block; background-color: #d9e0e7; padding: 6px; margin: 4px; border: 1px solid #8da1b4; border-radius: 5px; line-height: 60%\"><p style=\"margin-bottom: 0px\">Resource Organization &quot;cfsb1650997423990&quot; </p></div><p><b>identifier</b>: id: ORG-100004538 (use: OFFICIAL), id: LOC-100000153 (use: OFFICIAL)</p><p><b>active</b>: true</p><p><b>type</b>: manufacturer <span style=\"background: LightGoldenRodYellow; margin: 4px; border: 1px solid khaki\"> (rmswi#220000000033)</span></p><p><b>name</b>: GLAXO WELLCOME, S.A.</p><h3>Contacts</h3><table class=\"grid\"><tr><td>-</td><td><b>Address</b></td></tr><tr><td>*</td><td>Avda. Extremadura, 3(WORK)</td></tr></table></div>"
  },
  "identifier" : [{
    "use" : "official",
    "system" : "https://spor.ema.europa.eu/omswi",
    "value" : "ORG-100004538"
  },
  {
    "use" : "official",
    "system" : "https://spor.ema.europa.eu/omswi",
    "value" : "LOC-100000153"
  }],
  "active" : true,
  "type" : [{
    "coding" : [{
      "system" : "https://spor.ema.europa.eu/rmswi",
      "code" : "220000000033",
      "display" : "manufacturer"
    }]
  }],
  "name" : "GLAXO WELLCOME, S.A.",
  "contact" : [{
    "address" : {
      "use" : "work",
      "type" : "physical",
      "text" : "Avda. Extremadura, 3",
      "line" : ["Avda. Extremadura 3, 09400 Aranda De Duero"],
      "city" : "Aranda De Duero",
      "country" : "ES"
    }
  }]
}