{
  "resourceType" : "Organization",
  "id" : "cfsb1665505132093",
  "text" : {
    "status" : "generated",
    "div" : "<div xmlns=\"http://www.w3.org/1999/xhtml\"><p><b>Generated Narrative: Organization</b><a name=\"cfsb1665505132093\"> </a></p><div style=\"display: inline-block; background-color: #d9e0e7; padding: 6px; margin: 4px; border: 1px solid #8da1b4; border-radius: 5px; line-height: 60%\"><p style=\"margin-bottom: 0px\">Resource Organization &quot;cfsb1665505132093&quot; </p></div><p><b>identifier</b>: id: ORG-100008368 (use: OFFICIAL)</p><p><b>active</b>: true</p><p><b>type</b>: Marketing authorisation holder <span style=\"background: LightGoldenRodYellow; margin: 4px; border: 1px solid khaki\"> (rmswi#220000000034)</span></p><p><b>name</b>: Gilead Sciences Ireland UC</p><h3>Contacts</h3><table class=\"grid\"><tr><td>-</td><td><b>Address</b></td></tr><tr><td>*</td><td>Carrigtohill, County Cork, T45 DP77 Ireland(WORK)</td></tr></table></div>"
  },
  "identifier" : [{
    "use" : "official",
    "system" : "https://spor.ema.europa.eu/omswi",
    "value" : "ORG-100008368"
  }],
  "active" : true,
  "type" : [{
    "coding" : [{
      "system" : "https://spor.ema.europa.eu/rmswi",
      "code" : "220000000034",
      "display" : "Marketing authorisation holder"
    }],
    "text" : "Marketing authorisation holder"
  }],
  "name" : "Gilead Sciences Ireland UC",
  "contact" : [{
    "address" : {
      "use" : "work",
      "type" : "physical",
      "text" : "Carrigtohill, County Cork, T45 DP77 Ireland",
      "line" : ["Carrigtohill, County Cork, T45"],
      "city" : "County Cork",
      "country" : "IR"
    }
  }]
}