{
  "resourceType" : "RegulatedAuthorization",
  "id" : "81fabf64-8ceb-4983-a96e-02dafa296ed2",
  "meta" : {
    "profile" : ["http://hl7.org/fhir/uv/emedicinal-product-info/StructureDefinition/RegulatedAuthorization-uv-epi"]
  },
  "text" : {
    "status" : "generated",
    "div" : "<div xmlns=\"http://www.w3.org/1999/xhtml\"><p><b>Generated Narrative: RegulatedAuthorization</b><a name=\"81fabf64-8ceb-4983-a96e-02dafa296ed2\"> </a></p><div style=\"display: inline-block; background-color: #d9e0e7; padding: 6px; margin: 4px; border: 1px solid #8da1b4; border-radius: 5px; line-height: 60%\"><p style=\"margin-bottom: 0px\">Resource RegulatedAuthorization &quot;81fabf64-8ceb-4983-a96e-02dafa296ed2&quot; </p><p style=\"margin-bottom: 0px\">Profile: <a href=\"StructureDefinition-RegulatedAuthorization-uv-epi.html\">RegulatedAuthorization (ePI)</a></p></div><p><b>identifier</b>: id: 77022 (use: OFFICIAL)</p><p><b>subject</b>: <a href=\"MedicinalProductDefinition-d2b4e8da-15b3-4132-8600-09ede8546895.html\">MedicinalProductDefinition/d2b4e8da-15b3-4132-8600-09ede8546895</a></p><p><b>type</b>: Marketing Authorisation <span style=\"background: LightGoldenRodYellow; margin: 4px; border: 1px solid khaki\"> (rmswi#100000072062)</span></p><p><b>region</b>: Spain <span style=\"background: LightGoldenRodYellow; margin: 4px; border: 1px solid khaki\"> (<a href=\"http://terminology.hl7.org/5.0.0/CodeSystem-ISO3166Part1.html\">ISO 3166-1 Codes for the representation of names of countries and their subdivisions — Part 1: Country code</a>#ES)</span></p><p><b>status</b>: Active <span style=\"background: LightGoldenRodYellow; margin: 4px; border: 1px solid khaki\"> (<a href=\"http://hl7.org/fhir/5.0.0-snapshot3/codesystem-publication-status.html\">PublicationStatus</a>#active)</span></p><p><b>statusDate</b>: 2021-01-01</p><p><b>holder</b>: <a href=\"Organization-af8eadb6-8f58-40a9-9c39-c369824fb09e.html\">Organization/af8eadb6-8f58-40a9-9c39-c369824fb09e</a> &quot;FERRING S.A.U.&quot;</p></div>"
  },
  "identifier" : [{
    "use" : "official",
    "system" : "https://spor.ema.europa.eu/pmswi",
    "value" : "77022"
  }],
  "subject" : [{
    "reference" : "MedicinalProductDefinition/d2b4e8da-15b3-4132-8600-09ede8546895"
  }],
  "type" : {
    "coding" : [{
      "system" : "https://spor.ema.europa.eu/rmswi",
      "code" : "100000072062",
      "display" : "Marketing Authorisation"
    }]
  },
  "region" : [{
    "coding" : [{
      "system" : "urn:iso:std:iso:3166",
      "code" : "ES",
      "display" : "Spain"
    }]
  }],
  "status" : {
    "coding" : [{
      "system" : "http://hl7.org/fhir/publication-status",
      "code" : "active",
      "display" : "Active"
    }]
  },
  "statusDate" : "2021-01-01",
  "holder" : {
    "reference" : "Organization/af8eadb6-8f58-40a9-9c39-c369824fb09e"
  }
}