{
  "resourceType" : "SubstanceDefinition",
  "id" : "7964ca6b-3411-4905-9c3c-20154b9bb37c",
  "meta" : {
    "profile" : ["http://hl7.org/fhir/uv/emedicinal-product-info/StructureDefinition/SubstanceDefinition-uv-epi"]
  },
  "text" : {
    "status" : "generated",
    "div" : "<div xmlns=\"http://www.w3.org/1999/xhtml\"><p><b>Generated Narrative: SubstanceDefinition</b><a name=\"7964ca6b-3411-4905-9c3c-20154b9bb37c\"> </a></p><div style=\"display: inline-block; background-color: #d9e0e7; padding: 6px; margin: 4px; border: 1px solid #8da1b4; border-radius: 5px; line-height: 60%\"><p style=\"margin-bottom: 0px\">Resource SubstanceDefinition &quot;7964ca6b-3411-4905-9c3c-20154b9bb37c&quot; </p><p style=\"margin-bottom: 0px\">Profile: <a href=\"StructureDefinition-SubstanceDefinition-uv-epi.html\">SubstanceDefinition (ePI)</a></p></div><p><b>identifier</b>: id: 362O9ITL9D (use: OFFICIAL)</p><p><b>version</b>: 1</p><p><b>status</b>: Validated (UNII) <span style=\"background: LightGoldenRodYellow; margin: 4px; border: 1px solid khaki\"> (#1)</span></p><p><b>description</b>: nan</p><p><b>manufacturer</b>: <a href=\"Organization-1bee16d1-407b-483b-a78d-79d06f460cdd.html\">Organization/1bee16d1-407b-483b-a78d-79d06f460cdd</a> &quot;FERRER INTERNACIONAL, S.A.&quot;</p><h3>MolecularWeights</h3><table class=\"grid\"><tr><td>-</td><td><b>Type</b></td><td><b>Amount</b></td></tr><tr><td>*</td><td>exact <span style=\"background: LightGoldenRodYellow; margin: 4px; border: 1px solid khaki\"> ()</span></td><td>151.16</td></tr></table><h3>Structures</h3><table class=\"grid\"><tr><td>-</td><td><b>MolecularFormula</b></td></tr><tr><td>*</td><td>C8H9NO2</td></tr></table><h3>Names</h3><table class=\"grid\"><tr><td>-</td><td><b>Name</b></td><td><b>Type</b></td></tr><tr><td>*</td><td>4'-HYDROXYACETANILIDE</td><td>Chemical Name <span style=\"background: LightGoldenRodYellow; margin: 4px; border: 1px solid khaki\"> (#x)</span></td></tr></table></div>"
  },
  "identifier" : [{
    "use" : "official",
    "system" : "https://gsrs.ncats.nih.gov/ginas/app/beta/",
    "value" : "362O9ITL9D"
  }],
  "version" : "1",
  "status" : {
    "coding" : [{
      "system" : "https://gsrs.ncats.nih.gov/ginas/app/beta/",
      "code" : "1",
      "display" : "Validated (UNII)"
    }]
  },
  "description" : "nan",
  "manufacturer" : [{
    "reference" : "Organization/1bee16d1-407b-483b-a78d-79d06f460cdd"
  }],
  "molecularWeight" : [{
    "type" : {
      "text" : "exact"
    },
    "amount" : {
      "value" : 151.16
    }
  }],
  "structure" : {
    "molecularFormula" : "C8H9NO2"
  },
  "name" : [{
    "name" : "4'-HYDROXYACETANILIDE",
    "type" : {
      "coding" : [{
        "system" : "https://gsrs.ncats.nih.gov/ginas/app/beta/",
        "code" : "x",
        "display" : "Chemical Name"
      }]
    }
  }]
}