{
  "resourceType" : "ValueSet",
  "id" : "meddra",
  "text" : {
    "status" : "generated",
    "div" : "<div xmlns=\"http://www.w3.org/1999/xhtml\"><ul><li>Include all codes defined in <a href=\"http://terminology.hl7.org/5.0.0/CodeSystem-mdr.html\"><code>http://terminology.hl7.org/CodeSystem/mdr</code></a></li></ul></div>"
  },
  "url" : "http://hl7.org/fhir/uv/emedicinal-product-info/ValueSet/meddra",
  "version" : "1.0.0-ballot",
  "name" : "VsMeddra",
  "title" : "MedDRA Terms for clinical diseases and symptoms",
  "status" : "active",
  "experimental" : false,
  "date" : "2022-12-20T13:12:12+00:00",
  "contact" : [{
    "name" : "HL7 BR&R",
    "telecom" : [{
      "system" : "url",
      "value" : "http://www.hl7.org/Special/committees/rcrim"
    }]
  }],
  "description" : "MedDRA Terms for clinical diseases and symptoms",
  "jurisdiction" : [{
    "coding" : [{
      "system" : "http://unstats.un.org/unsd/methods/m49/m49.htm",
      "code" : "001",
      "display" : "World"
    }]
  }],
  "compose" : {
    "include" : [{
      "system" : "http://terminology.hl7.org/CodeSystem/mdr"
    }]
  }
}