<?xml version="1.0" encoding="UTF-8"?><ValueSet xmlns="http://hl7.org/fhir"><id value="packageType"/><text><status value="generated"/><div xmlns="http://www.w3.org/1999/xhtml"><ul><li>Include all codes defined in <a href="http://hl7.org/fhir/5.0.0-snapshot3/codesystem-package-type.html"><code>http://hl7.org/fhir/package-type</code></a></li></ul></div></text><url value="http://hl7.org/fhir/uv/emedicinal-product-info/ValueSet/packageType"/><version value="1.0.0-ballot"/><name value="VsPackageType"/><title value="High level Pack Type"/><status value="active"/><experimental value="false"/><date value="2022-12-20T12:36:33+00:00"/><contact><name value="HL7 BR&amp;R"/><telecom><system value="url"/><value value="http://www.hl7.org/Special/committees/rcrim"/></telecom></contact><description value="High level type of pack; e.g., medicinal product pack, sample pack, shipping container."/><jurisdiction><coding><system value="http://unstats.un.org/unsd/methods/m49/m49.htm"/><code value="001"/><display value="World"/></coding></jurisdiction><compose><include><system value="http://hl7.org/fhir/package-type"/></include></compose></ValueSet>