<?xml version="1.0" encoding="UTF-8"?><ValueSet xmlns="http://hl7.org/fhir"><id value="routeOfAdministration"/><text><status value="generated"/><div xmlns="http://www.w3.org/1999/xhtml"><ul><li>Include all codes defined in <code>https://spor.ema.europa.eu/rmswi/100000073345</code></li></ul></div></text><url value="http://hl7.org/fhir/uv/emedicinal-product-info/ValueSet/routeOfAdministration"/><version value="1.0.0-ballot"/><name value="VsRouteOfAdministration"/><title value="Route Of Administration"/><status value="active"/><experimental value="false"/><date value="2022-12-20T12:36:33+00:00"/><contact><name value="HL7 BR&amp;R"/><telecom><system value="url"/><value value="http://www.hl7.org/Special/committees/rcrim"/></telecom></contact><description value="Route Of Administration"/><jurisdiction><coding><system value="http://unstats.un.org/unsd/methods/m49/m49.htm"/><code value="001"/><display value="World"/></coding></jurisdiction><compose><include><system value="https://spor.ema.europa.eu/rmswi/100000073345"/></include></compose></ValueSet>