<?xml version="1.0" encoding="UTF-8"?>

<CodeSystem xmlns="http://hl7.org/fhir">
  <id value="Example-sections-PL"/>
  <text>
    <status value="generated"/><div xmlns="http://www.w3.org/1999/xhtml"><p>This code system http://spor.ema.europa.eu/v1/example-sections defines the following codes:</p><table class="codes"><tr><td style="white-space:nowrap"><b>Code</b></td></tr><tr><td style="white-space:nowrap">3<a name="Example-sections-PL-3"> </a></td></tr><tr><td style="white-space:nowrap">4<a name="Example-sections-PL-4"> </a></td></tr><tr><td style="white-space:nowrap">5<a name="Example-sections-PL-5"> </a></td></tr><tr><td style="white-space:nowrap">14<a name="Example-sections-PL-14"> </a></td></tr><tr><td style="white-space:nowrap">19<a name="Example-sections-PL-19"> </a></td></tr><tr><td style="white-space:nowrap">22<a name="Example-sections-PL-22"> </a></td></tr><tr><td style="white-space:nowrap">23<a name="Example-sections-PL-23"> </a></td></tr></table><p><b>Additional Language Displays</b></p><table class="codes"><tr><td><b>Code</b></td><td><b>Greek (el)</b></td><td><b>English (English, en)</b></td><td><b>Norwegian (no)</b></td></tr><tr><td>3</td><td>Τι περιέχει το παρόν φύλλο οδηγιών:</td><td>What is in this leaflet</td><td>I dette pakningsvedlegget finner du informasjon om:</td></tr><tr><td>4</td><td>1. Τι είναι το X και ποια είναι η χρήση του</td><td>1. What X is and what it is used for</td><td>1. Hva X er og hva det brukes mot</td></tr><tr><td>5</td><td>2. Τι πρέπει να γνωρίζετε πριν &lt;πάρετε&gt; &lt;χρησιμοποιήσετε&gt; το X</td><td>2. What you need to know before you &lt;take&gt; &lt;use&gt; X</td><td>2. Hva du må vite før du bruker X</td></tr><tr><td>14</td><td>3. Πώς να &lt;πάρετε&gt; &lt;χρησιμοποιήσετε&gt; το X</td><td>3. How to &lt;take&gt; &lt;use&gt; X</td><td>3. Hvordan du bruker X</td></tr><tr><td>19</td><td>4. Πιθανές ανεπιθύμητες ενέργειες</td><td>4. Possible side effects</td><td>4. Mulige bivirkninger</td></tr><tr><td>22</td><td>5. Πώς να φυλάσσετε το  X</td><td>5. How to store X</td><td>5. Hvordan du oppbevarer X</td></tr><tr><td>23</td><td>6. Περιεχόμενα της συσκευασίας και λοιπές πληροφορίες</td><td>6. Contents of the pack and other information</td><td>6. Innholdet i pakningen og ytterligere informasjon</td></tr></table></div>
  </text>
  <url value="http://spor.ema.europa.eu/v1/example-sections"/>
  <version value="0.1.0"/>
  <name value="Example-sections-PL"/>
  <title value="EMA example-sections-pl"/>
  <status value="active"/>
  <date value="2021-08-17T20:21:58+00:00"/>
  <contact>
    <name value="Gravitate Health Project"/>
    <telecom>
      <system value="url"/>
      <value value="https://www.gravitatehealth.eu/"/>
    </telecom>
  </contact>
  <description value="Placeholder for EMA example-sections PL"/>
  <content value="complete"/>
  <count value="7"/>
  <concept>
    <code value="3"/>
    <designation>
      <language value="no"/>
      <use>
        <system value="http://snomed.info/sct"/>
        <code value="900000000000003001"/>
      </use>
      <value value="I dette pakningsvedlegget finner du informasjon om:"/>
    </designation>
    <designation>
      <language value="en"/>
      <use>
        <system value="http://snomed.info/sct"/>
        <code value="900000000000003001"/>
      </use>
      <value value="What is in this leaflet"/>
    </designation>
    <designation>
      <language value="el"/>
      <use>
        <system value="http://snomed.info/sct"/>
        <code value="900000000000003001"/>
      </use>
      <value value="&#x3A4;&#x3B9; &#x3C0;&#x3B5;&#x3C1;&#x3B9;&#x3AD;&#x3C7;&#x3B5;&#x3B9; &#x3C4;&#x3BF; &#x3C0;&#x3B1;&#x3C1;&#x3CC;&#x3BD; &#x3C6;&#x3CD;&#x3BB;&#x3BB;&#x3BF; &#x3BF;&#x3B4;&#x3B7;&#x3B3;&#x3B9;&#x3CE;&#x3BD;:"/>
    </designation>
  </concept>
  <concept>
    <code value="4"/>
    <designation>
      <language value="no"/>
      <use>
        <system value="http://snomed.info/sct"/>
        <code value="900000000000003001"/>
      </use>
      <value value="1. Hva X er og hva det brukes mot"/>
    </designation>
    <designation>
      <language value="en"/>
      <use>
        <system value="http://snomed.info/sct"/>
        <code value="900000000000003001"/>
      </use>
      <value value="1. What X is and what it is used for"/>
    </designation>
    <designation>
      <language value="el"/>
      <use>
        <system value="http://snomed.info/sct"/>
        <code value="900000000000003001"/>
      </use>
      <value value="1. &#x3A4;&#x3B9; &#x3B5;&#x3AF;&#x3BD;&#x3B1;&#x3B9; &#x3C4;&#x3BF; X &#x3BA;&#x3B1;&#x3B9; &#x3C0;&#x3BF;&#x3B9;&#x3B1; &#x3B5;&#x3AF;&#x3BD;&#x3B1;&#x3B9; &#x3B7; &#x3C7;&#x3C1;&#x3AE;&#x3C3;&#x3B7; &#x3C4;&#x3BF;&#x3C5;"/>
    </designation>
  </concept>
  <concept>
    <code value="5"/>
    <designation>
      <language value="no"/>
      <use>
        <system value="http://snomed.info/sct"/>
        <code value="900000000000003001"/>
      </use>
      <value value="2. Hva du m&#xE5; vite f&#xF8;r du bruker X"/>
    </designation>
    <designation>
      <language value="en"/>
      <use>
        <system value="http://snomed.info/sct"/>
        <code value="900000000000003001"/>
      </use>
      <value value="2. What you need to know before you &lt;take&gt; &lt;use&gt; X"/>
    </designation>
    <designation>
      <language value="el"/>
      <use>
        <system value="http://snomed.info/sct"/>
        <code value="900000000000003001"/>
      </use>
      <value value="2. &#x3A4;&#x3B9; &#x3C0;&#x3C1;&#x3AD;&#x3C0;&#x3B5;&#x3B9; &#x3BD;&#x3B1; &#x3B3;&#x3BD;&#x3C9;&#x3C1;&#x3AF;&#x3B6;&#x3B5;&#x3C4;&#x3B5; &#x3C0;&#x3C1;&#x3B9;&#x3BD; &lt;&#x3C0;&#x3AC;&#x3C1;&#x3B5;&#x3C4;&#x3B5;&gt; &lt;&#x3C7;&#x3C1;&#x3B7;&#x3C3;&#x3B9;&#x3BC;&#x3BF;&#x3C0;&#x3BF;&#x3B9;&#x3AE;&#x3C3;&#x3B5;&#x3C4;&#x3B5;&gt; &#x3C4;&#x3BF; X"/>
    </designation>
  </concept>
  <concept>
    <code value="14"/>
    <designation>
      <language value="no"/>
      <use>
        <system value="http://snomed.info/sct"/>
        <code value="900000000000003001"/>
      </use>
      <value value="3. Hvordan du bruker X"/>
    </designation>
    <designation>
      <language value="en"/>
      <use>
        <system value="http://snomed.info/sct"/>
        <code value="900000000000003001"/>
      </use>
      <value value="3. How to &lt;take&gt; &lt;use&gt; X"/>
    </designation>
    <designation>
      <language value="el"/>
      <use>
        <system value="http://snomed.info/sct"/>
        <code value="900000000000003001"/>
      </use>
      <value value="3. &#x3A0;&#x3CE;&#x3C2; &#x3BD;&#x3B1; &lt;&#x3C0;&#x3AC;&#x3C1;&#x3B5;&#x3C4;&#x3B5;&gt; &lt;&#x3C7;&#x3C1;&#x3B7;&#x3C3;&#x3B9;&#x3BC;&#x3BF;&#x3C0;&#x3BF;&#x3B9;&#x3AE;&#x3C3;&#x3B5;&#x3C4;&#x3B5;&gt; &#x3C4;&#x3BF; X"/>
    </designation>
  </concept>
  <concept>
    <code value="19"/>
    <designation>
      <language value="no"/>
      <use>
        <system value="http://snomed.info/sct"/>
        <code value="900000000000003001"/>
      </use>
      <value value="4. Mulige bivirkninger"/>
    </designation>
    <designation>
      <language value="en"/>
      <use>
        <system value="http://snomed.info/sct"/>
        <code value="900000000000003001"/>
      </use>
      <value value="4. Possible side effects"/>
    </designation>
    <designation>
      <language value="el"/>
      <use>
        <system value="http://snomed.info/sct"/>
        <code value="900000000000003001"/>
      </use>
      <value value="4. &#x3A0;&#x3B9;&#x3B8;&#x3B1;&#x3BD;&#x3AD;&#x3C2; &#x3B1;&#x3BD;&#x3B5;&#x3C0;&#x3B9;&#x3B8;&#x3CD;&#x3BC;&#x3B7;&#x3C4;&#x3B5;&#x3C2; &#x3B5;&#x3BD;&#x3AD;&#x3C1;&#x3B3;&#x3B5;&#x3B9;&#x3B5;&#x3C2;"/>
    </designation>
  </concept>
  <concept>
    <code value="22"/>
    <designation>
      <language value="no"/>
      <use>
        <system value="http://snomed.info/sct"/>
        <code value="900000000000003001"/>
      </use>
      <value value="5. Hvordan du oppbevarer X"/>
    </designation>
    <designation>
      <language value="en"/>
      <use>
        <system value="http://snomed.info/sct"/>
        <code value="900000000000003001"/>
      </use>
      <value value="5. How to store X"/>
    </designation>
    <designation>
      <language value="el"/>
      <use>
        <system value="http://snomed.info/sct"/>
        <code value="900000000000003001"/>
      </use>
      <value value="5. &#x3A0;&#x3CE;&#x3C2; &#x3BD;&#x3B1; &#x3C6;&#x3C5;&#x3BB;&#x3AC;&#x3C3;&#x3C3;&#x3B5;&#x3C4;&#x3B5; &#x3C4;&#x3BF;  X"/>
    </designation>
  </concept>
  <concept>
    <code value="23"/>
    <designation>
      <language value="no"/>
      <use>
        <system value="http://snomed.info/sct"/>
        <code value="900000000000003001"/>
      </use>
      <value value="6. Innholdet i pakningen og ytterligere informasjon"/>
    </designation>
    <designation>
      <language value="en"/>
      <use>
        <system value="http://snomed.info/sct"/>
        <code value="900000000000003001"/>
      </use>
      <value value="6. Contents of the pack and other information"/>
    </designation>
    <designation>
      <language value="el"/>
      <use>
        <system value="http://snomed.info/sct"/>
        <code value="900000000000003001"/>
      </use>
      <value value="6. &#x3A0;&#x3B5;&#x3C1;&#x3B9;&#x3B5;&#x3C7;&#x3CC;&#x3BC;&#x3B5;&#x3BD;&#x3B1; &#x3C4;&#x3B7;&#x3C2; &#x3C3;&#x3C5;&#x3C3;&#x3BA;&#x3B5;&#x3C5;&#x3B1;&#x3C3;&#x3AF;&#x3B1;&#x3C2; &#x3BA;&#x3B1;&#x3B9; &#x3BB;&#x3BF;&#x3B9;&#x3C0;&#x3AD;&#x3C2; &#x3C0;&#x3BB;&#x3B7;&#x3C1;&#x3BF;&#x3C6;&#x3BF;&#x3C1;&#x3AF;&#x3B5;&#x3C2;"/>
    </designation>
  </concept>
</CodeSystem>