{
  "resourceType": "List",
  "id": "List-example",
  "meta": {
    "versionId": "106",
    "lastUpdated": "2021-06-28T10:22:41.368+00:00"
  },
  "text": {
    "status": "generated",
    "div": "<div xmlns=\"http://www.w3.org/1999/xhtml\"><table class=\"clstu\"><tr><td>Mode: workingStatus: currentCode: ePI Master List</td></tr><tr><td>Subject: ?ngen-16?</td></tr></table><table class=\"grid\"><tr style=\"backgound-color: #eeeeee\"><td><b>Items</b></td></tr><tr><td><a href=\"Bundle-36773c03-3040-45e2-82c2-bc3fc968b6a6.html\">Generated Summary: id: 0a643523-b8c1-461b-9726-fbad9f06bb9b; type: document; timestamp: Jun 25, 2021, 8:16:54 PM</a></td></tr><tr><td>Bundle/58add5bc-c568-4d46-8bfd-4303634a65ff</td></tr><tr><td>Bundle/15b01a3f-cb36-46ff-9faf-5a6077fec10a</td></tr><tr><td><a href=\"Bundle-234d3626-fac0-4e69-86a6-556910eecfc9.html\">Generated Summary: id: 8c44c334-7839-48d2-b369-2235ae18ad48; type: document; timestamp: Jun 25, 2021, 8:25:07 PM</a></td></tr><tr><td><a href=\"Bundle-910d1748-674b-430c-b4ab-3665b266a31f.html\">Generated Summary: id: d6492916-2a98-4ea8-a938-324d5e5c471b; type: document; timestamp: Jun 25, 2021, 8:28:01 PM</a></td></tr><tr><td>Bundle/464141ec-43e7-4779-baf6-09179a7abe7f</td></tr><tr><td>Bundle/13f82397-5897-4652-a140-199fd38d4e32</td></tr><tr><td><a href=\"Bundle-79147eac-56be-4aec-9e71-bee160e588b6.html\">Generated Summary: id: 943f32dd-dc6f-4079-b364-bb522edb9cfb; type: document; timestamp: Jun 25, 2021, 8:33:58 PM</a></td></tr><tr><td><a href=\"Bundle-995d3971-b899-43bf-857d-98c26634796d.html\">Generated Summary: id: 3103a561-4b54-4e02-9cd0-eceb190a0602; type: document; timestamp: Jun 25, 2021, 10:39:32 PM</a></td></tr><tr><td>Bundle/f7bada29-c5e3-4813-b399-61953447cbd8</td></tr><tr><td>Bundle/8e00e3ad-4e8b-40bf-bbe0-83e2227dd806</td></tr><tr><td><a href=\"Bundle-00b76159-1583-4374-b892-d360b49dae01.html\">Generated Summary: id: d3736342-7e14-4aca-a8a0-2425840518ce; type: document; timestamp: Jun 25, 2021, 10:44:38 PM</a></td></tr></table></div>"
  },
  "identifier": [
    {
      "system": "http://spor.ema.europa.eu/v2/medicine-name",
      "value": "acme-product"
    },
    {
      "system": "http://spor.ema.europa.eu/v2/marketing-authorisation-numbers",
      "value": "EU/1/17/1201/001"
    },
    {
      "system": "http://spor.ema.europa.eu/v2/marketing-authorisation-numbers",
      "value": "EU/1/17/1201/002"
    },
    {
      "system": "http://spor.ema.europa.eu/v2/marketing-authorisation-numbers",
      "value": "EU/1/17/1201/003"
    },
    {
      "system": "http://spor.ema.europa.eu/v2/marketing-authorisation-numbers",
      "value": "EU/1/17/1201/004"
    },
    {
      "system": "http://spor.ema.europa.eu/v2/marketing-authorisation-numbers",
      "value": "EU/1/17/1201/005"
    },
    {
      "system": "http://spor.ema.europa.eu/v2/marketing-authorisation-numbers",
      "value": "EU/1/17/1201/006"
    },
    {
      "system": "http://spor.ema.europa.eu/v2/marketing-authorisation-numbers",
      "value": "EU/1/17/1201/007"
    },
    {
      "system": "http://spor.ema.europa.eu/v2/marketing-authorisation-numbers",
      "value": "EU/1/17/1201/008"
    },
    {
      "system": "http://spor.ema.europa.eu/v2/marketing-authorisation-numbers",
      "value": "EU/1/17/1201/009"
    },
    {
      "system": "http://spor.ema.europa.eu/v2/marketing-authorisation-numbers",
      "value": "EU/1/17/1201/010"
    },
    {
      "system": "http://spor.ema.europa.eu/v2/marketing-authorisation-numbers",
      "value": "EU/1/17/1201/011"
    },
    {
      "system": "http://spor.ema.europa.eu/v2/marketing-authorisation-numbers",
      "value": "EU/1/17/1201/012"
    },
    {
      "system": "http://spor.ema.europa.eu/v2/marketing-authorisation-numbers",
      "value": "EU/1/17/1201/013"
    },
    {
      "system": "http://spor.ema.europa.eu/v2/marketing-authorisation-numbers",
      "value": "EU/1/17/1201/014"
    },
    {
      "system": "http://spor.ema.europa.eu/v2/marketing-authorisation-numbers",
      "value": "EU/1/17/1201/01370"
    },
    {
      "system": "http://spor.ema.europa.eu/v2/marketing-authorisation-numbers",
      "value": "EU/1/17/1201/014210"
    }
  ],
  "status": "current",
  "mode": "working",
  "code": {
    "coding": [
      {
        "system": "http://spor.ema.europa.eu/v1/example-pi-list-types",
        "code": "00000021213",
        "display": "ePI Master List"
      }
    ]
  },
  "subject": {
    "extension": [
      {
        "url": "http://ema.europa.eu/fhir/extension/medicine-name",
        "valueCoding": {
          "system": "http://spor.ema.europa.eu/v1/100000000005",
          "code": "Acme-product",
          "display": "Acme Product"
        }
      },
      {
        "url": "http://ema.europa.eu/fhir/extension/marketing-authorization-holder",
        "valueCoding": {
          "system": "http://spor.ema.europa.eu/v1/100000000005",
          "code": "mah-code",
          "display": "None"
        }
      },
      {
        "url": "http://ema.europa.eu/fhir/extension/active-substance",
        "valueCoding": {
          "system": "http://spor.ema.europa.eu/v1/100000000005",
          "code": "acive-substance-code",
          "display": "None"
        }
      },
      {
        "url": "http://ema.europa.eu/fhir/extension/domain",
        "valueCoding": {
          "system": "http://spor.ema.europa.eu/v1/100000000004",
          "code": "100000000012",
          "display": "H"
        }
      }
    ]
  },
  "entry": [
    {
      "item": {
        "extension": [
          {
            "url": "http://ema.europa.eu/fhir/extension/documentType",
            "valueCoding": {
              "system": "http://spor.ema.europa.eu/v1/100000155531",
              "code": "100000155532",
              "display": "ΠΕΡΙΛΗΨΗ ΤΩΝ ΧΑΡΑΚΤΗΡΙΣΤΙΚΩΝ ΤΟΥ ΠΡΟΪΟΝΤΟΣ"
            }
          },
          {
            "url": "http://ema.europa.eu/fhir/extension/language",
            "valueCoding": {
              "system": "http://spor.ema.europa.eu/v1/100000072057",
              "code": "100000072181",
              "display": "el"
            }
          }
        ],
        "reference": "Bundle/36773c03-3040-45e2-82c2-bc3fc968b6a6"
      }
    },
    {
      "item": {
        "extension": [
          {
            "url": "http://ema.europa.eu/fhir/extension/documentType",
            "valueCoding": {
              "system": "http://spor.ema.europa.eu/v1/100000155531",
              "code": "100000155533",
              "display": "ΠΑΡΑΡΤΗΜΑ ΙΙ"
            }
          },
          {
            "url": "http://ema.europa.eu/fhir/extension/language",
            "valueCoding": {
              "system": "http://spor.ema.europa.eu/v1/100000072057",
              "code": "100000072181",
              "display": "el"
            }
          }
        ],
        "reference": "Bundle/58add5bc-c568-4d46-8bfd-4303634a65ff"
      }
    },
    {
      "item": {
        "extension": [
          {
            "url": "http://ema.europa.eu/fhir/extension/documentType",
            "valueCoding": {
              "system": "http://spor.ema.europa.eu/v1/100000155531",
              "code": "100000155535",
              "display": "Α. ΕΠΙΣΗΜΑΝΣΗ"
            }
          },
          {
            "url": "http://ema.europa.eu/fhir/extension/language",
            "valueCoding": {
              "system": "http://spor.ema.europa.eu/v1/100000072057",
              "code": "100000072181",
              "display": "el"
            }
          }
        ],
        "reference": "Bundle/15b01a3f-cb36-46ff-9faf-5a6077fec10a"
      }
    },
    {
      "item": {
        "extension": [
          {
            "url": "http://ema.europa.eu/fhir/extension/documentType",
            "valueCoding": {
              "system": "http://spor.ema.europa.eu/v1/100000155531",
              "code": "100000155538",
              "display": "Β. ΦΥΛΛΟ ΟΔΗΓΙΩΝ ΧΡΗΣΗΣ"
            }
          },
          {
            "url": "http://ema.europa.eu/fhir/extension/language",
            "valueCoding": {
              "system": "http://spor.ema.europa.eu/v1/100000072057",
              "code": "100000072181",
              "display": "el"
            }
          }
        ],
        "reference": "Bundle/234d3626-fac0-4e69-86a6-556910eecfc9"
      }
    },
    {
      "item": {
        "extension": [
          {
            "url": "http://ema.europa.eu/fhir/extension/documentType",
            "valueCoding": {
              "system": "http://spor.ema.europa.eu/v1/100000155531",
              "code": "100000155532",
              "display": "SUMMARY OF PRODUCT CHARACTERISTICS"
            }
          },
          {
            "url": "http://ema.europa.eu/fhir/extension/language",
            "valueCoding": {
              "system": "http://spor.ema.europa.eu/v1/100000072057",
              "code": "100000072147",
              "display": "en"
            }
          }
        ],
        "reference": "Bundle/910d1748-674b-430c-b4ab-3665b266a31f"
      }
    },
    {
      "item": {
        "extension": [
          {
            "url": "http://ema.europa.eu/fhir/extension/documentType",
            "valueCoding": {
              "system": "http://spor.ema.europa.eu/v1/100000155531",
              "code": "100000155533",
              "display": "ANNEX II"
            }
          },
          {
            "url": "http://ema.europa.eu/fhir/extension/language",
            "valueCoding": {
              "system": "http://spor.ema.europa.eu/v1/100000072057",
              "code": "100000072147",
              "display": "en"
            }
          }
        ],
        "reference": "Bundle/464141ec-43e7-4779-baf6-09179a7abe7f"
      }
    },
    {
      "item": {
        "extension": [
          {
            "url": "http://ema.europa.eu/fhir/extension/documentType",
            "valueCoding": {
              "system": "http://spor.ema.europa.eu/v1/100000155531",
              "code": "100000155535",
              "display": "A. LABELLING"
            }
          },
          {
            "url": "http://ema.europa.eu/fhir/extension/language",
            "valueCoding": {
              "system": "http://spor.ema.europa.eu/v1/100000072057",
              "code": "100000072147",
              "display": "en"
            }
          }
        ],
        "reference": "Bundle/13f82397-5897-4652-a140-199fd38d4e32"
      }
    },
    {
      "item": {
        "extension": [
          {
            "url": "http://ema.europa.eu/fhir/extension/documentType",
            "valueCoding": {
              "system": "http://spor.ema.europa.eu/v1/100000155531",
              "code": "100000155538",
              "display": "B. PACKAGE LEAFLET"
            }
          },
          {
            "url": "http://ema.europa.eu/fhir/extension/language",
            "valueCoding": {
              "system": "http://spor.ema.europa.eu/v1/100000072057",
              "code": "100000072147",
              "display": "en"
            }
          }
        ],
        "reference": "Bundle/79147eac-56be-4aec-9e71-bee160e588b6"
      }
    },
    {
      "item": {
        "extension": [
          {
            "url": "http://ema.europa.eu/fhir/extension/documentType",
            "valueCoding": {
              "system": "http://spor.ema.europa.eu/v1/100000155531",
              "code": "100000155532",
              "display": "PREPARATOMTALE"
            }
          },
          {
            "url": "http://ema.europa.eu/fhir/extension/language",
            "valueCoding": {
              "system": "http://spor.ema.europa.eu/v1/100000072057",
              "code": "100000072243",
              "display": "no"
            }
          }
        ],
        "reference": "Bundle/995d3971-b899-43bf-857d-98c26634796d"
      }
    },
    {
      "item": {
        "extension": [
          {
            "url": "http://ema.europa.eu/fhir/extension/documentType",
            "valueCoding": {
              "system": "http://spor.ema.europa.eu/v1/100000155531",
              "code": "100000155533",
              "display": "VEDLEGG II"
            }
          },
          {
            "url": "http://ema.europa.eu/fhir/extension/language",
            "valueCoding": {
              "system": "http://spor.ema.europa.eu/v1/100000072057",
              "code": "100000072243",
              "display": "no"
            }
          }
        ],
        "reference": "Bundle/f7bada29-c5e3-4813-b399-61953447cbd8"
      }
    },
    {
      "item": {
        "extension": [
          {
            "url": "http://ema.europa.eu/fhir/extension/documentType",
            "valueCoding": {
              "system": "http://spor.ema.europa.eu/v1/100000155531",
              "code": "100000155535",
              "display": "A. MERKING"
            }
          },
          {
            "url": "http://ema.europa.eu/fhir/extension/language",
            "valueCoding": {
              "system": "http://spor.ema.europa.eu/v1/100000072057",
              "code": "100000072243",
              "display": "no"
            }
          }
        ],
        "reference": "Bundle/8e00e3ad-4e8b-40bf-bbe0-83e2227dd806"
      }
    },
    {
      "item": {
        "extension": [
          {
            "url": "http://ema.europa.eu/fhir/extension/documentType",
            "valueCoding": {
              "system": "http://spor.ema.europa.eu/v1/100000155531",
              "code": "100000155538",
              "display": "B. PAKNINGSVEDLEGG"
            }
          },
          {
            "url": "http://ema.europa.eu/fhir/extension/language",
            "valueCoding": {
              "system": "http://spor.ema.europa.eu/v1/100000072057",
              "code": "100000072243",
              "display": "no"
            }
          }
        ],
        "reference": "Bundle/00b76159-1583-4374-b892-d360b49dae01"
      }
    }
  ]
}