<?xml version="1.0" encoding="UTF-8"?>

<List xmlns="http://hl7.org/fhir">
  <id value="List-example"/>
  <meta>
    <versionId value="106"/>
    <lastUpdated value="2021-06-28T10:22:41.368+00:00"/>
  </meta>
  <text>
    <status value="generated"/><div xmlns="http://www.w3.org/1999/xhtml"><table class="clstu"><tr><td>Mode: workingStatus: currentCode: ePI Master List</td></tr><tr><td>Subject: ?ngen-16?</td></tr></table><table class="grid"><tr style="backgound-color: #eeeeee"><td><b>Items</b></td></tr><tr><td><a href="Bundle-36773c03-3040-45e2-82c2-bc3fc968b6a6.html">Generated Summary: id: 0a643523-b8c1-461b-9726-fbad9f06bb9b; type: document; timestamp: Jun 25, 2021, 8:16:54 PM</a></td></tr><tr><td>Bundle/58add5bc-c568-4d46-8bfd-4303634a65ff</td></tr><tr><td>Bundle/15b01a3f-cb36-46ff-9faf-5a6077fec10a</td></tr><tr><td><a href="Bundle-234d3626-fac0-4e69-86a6-556910eecfc9.html">Generated Summary: id: 8c44c334-7839-48d2-b369-2235ae18ad48; type: document; timestamp: Jun 25, 2021, 8:25:07 PM</a></td></tr><tr><td><a href="Bundle-910d1748-674b-430c-b4ab-3665b266a31f.html">Generated Summary: id: d6492916-2a98-4ea8-a938-324d5e5c471b; type: document; timestamp: Jun 25, 2021, 8:28:01 PM</a></td></tr><tr><td>Bundle/464141ec-43e7-4779-baf6-09179a7abe7f</td></tr><tr><td>Bundle/13f82397-5897-4652-a140-199fd38d4e32</td></tr><tr><td><a href="Bundle-79147eac-56be-4aec-9e71-bee160e588b6.html">Generated Summary: id: 943f32dd-dc6f-4079-b364-bb522edb9cfb; type: document; timestamp: Jun 25, 2021, 8:33:58 PM</a></td></tr><tr><td><a href="Bundle-995d3971-b899-43bf-857d-98c26634796d.html">Generated Summary: id: 3103a561-4b54-4e02-9cd0-eceb190a0602; type: document; timestamp: Jun 25, 2021, 10:39:32 PM</a></td></tr><tr><td>Bundle/f7bada29-c5e3-4813-b399-61953447cbd8</td></tr><tr><td>Bundle/8e00e3ad-4e8b-40bf-bbe0-83e2227dd806</td></tr><tr><td><a href="Bundle-00b76159-1583-4374-b892-d360b49dae01.html">Generated Summary: id: d3736342-7e14-4aca-a8a0-2425840518ce; type: document; timestamp: Jun 25, 2021, 10:44:38 PM</a></td></tr></table></div>
  </text>
  <identifier>
    <system value="http://spor.ema.europa.eu/v2/medicine-name"/>
    <value value="acme-product"/>
  </identifier>
  <identifier>
    <system value="http://spor.ema.europa.eu/v2/marketing-authorisation-numbers"/>
    <value value="EU/1/17/1201/001"/>
  </identifier>
  <identifier>
    <system value="http://spor.ema.europa.eu/v2/marketing-authorisation-numbers"/>
    <value value="EU/1/17/1201/002"/>
  </identifier>
  <identifier>
    <system value="http://spor.ema.europa.eu/v2/marketing-authorisation-numbers"/>
    <value value="EU/1/17/1201/003"/>
  </identifier>
  <identifier>
    <system value="http://spor.ema.europa.eu/v2/marketing-authorisation-numbers"/>
    <value value="EU/1/17/1201/004"/>
  </identifier>
  <identifier>
    <system value="http://spor.ema.europa.eu/v2/marketing-authorisation-numbers"/>
    <value value="EU/1/17/1201/005"/>
  </identifier>
  <identifier>
    <system value="http://spor.ema.europa.eu/v2/marketing-authorisation-numbers"/>
    <value value="EU/1/17/1201/006"/>
  </identifier>
  <identifier>
    <system value="http://spor.ema.europa.eu/v2/marketing-authorisation-numbers"/>
    <value value="EU/1/17/1201/007"/>
  </identifier>
  <identifier>
    <system value="http://spor.ema.europa.eu/v2/marketing-authorisation-numbers"/>
    <value value="EU/1/17/1201/008"/>
  </identifier>
  <identifier>
    <system value="http://spor.ema.europa.eu/v2/marketing-authorisation-numbers"/>
    <value value="EU/1/17/1201/009"/>
  </identifier>
  <identifier>
    <system value="http://spor.ema.europa.eu/v2/marketing-authorisation-numbers"/>
    <value value="EU/1/17/1201/010"/>
  </identifier>
  <identifier>
    <system value="http://spor.ema.europa.eu/v2/marketing-authorisation-numbers"/>
    <value value="EU/1/17/1201/011"/>
  </identifier>
  <identifier>
    <system value="http://spor.ema.europa.eu/v2/marketing-authorisation-numbers"/>
    <value value="EU/1/17/1201/012"/>
  </identifier>
  <identifier>
    <system value="http://spor.ema.europa.eu/v2/marketing-authorisation-numbers"/>
    <value value="EU/1/17/1201/013"/>
  </identifier>
  <identifier>
    <system value="http://spor.ema.europa.eu/v2/marketing-authorisation-numbers"/>
    <value value="EU/1/17/1201/014"/>
  </identifier>
  <identifier>
    <system value="http://spor.ema.europa.eu/v2/marketing-authorisation-numbers"/>
    <value value="EU/1/17/1201/01370"/>
  </identifier>
  <identifier>
    <system value="http://spor.ema.europa.eu/v2/marketing-authorisation-numbers"/>
    <value value="EU/1/17/1201/014210"/>
  </identifier>
  <status value="current"/>
  <mode value="working"/>
  <code>
    <coding>
      <system value="http://spor.ema.europa.eu/v1/example-pi-list-types"/>
      <code value="00000021213"/>
      <display value="ePI Master List"/>
    </coding>
  </code>
  <subject>
    <extension url="http://ema.europa.eu/fhir/extension/medicine-name">
      <valueCoding>
        <system value="http://spor.ema.europa.eu/v1/100000000005"/>
        <code value="Acme-product"/>
        <display value="Acme Product"/>
      </valueCoding>
    </extension>
    <extension url="http://ema.europa.eu/fhir/extension/marketing-authorization-holder">
      <valueCoding>
        <system value="http://spor.ema.europa.eu/v1/100000000005"/>
        <code value="mah-code"/>
        <display value="None"/>
      </valueCoding>
    </extension>
    <extension url="http://ema.europa.eu/fhir/extension/active-substance">
      <valueCoding>
        <system value="http://spor.ema.europa.eu/v1/100000000005"/>
        <code value="acive-substance-code"/>
        <display value="None"/>
      </valueCoding>
    </extension>
    <extension url="http://ema.europa.eu/fhir/extension/domain">
      <valueCoding>
        <system value="http://spor.ema.europa.eu/v1/100000000004"/>
        <code value="100000000012"/>
        <display value="H"/>
      </valueCoding>
    </extension>
  </subject>
  <entry>
    <item>
      <extension url="http://ema.europa.eu/fhir/extension/documentType">
        <valueCoding>
          <system value="http://spor.ema.europa.eu/v1/100000155531"/>
          <code value="100000155532"/>
          <display value="&#x3A0;&#x395;&#x3A1;&#x399;&#x39B;&#x397;&#x3A8;&#x397; &#x3A4;&#x3A9;&#x39D; &#x3A7;&#x391;&#x3A1;&#x391;&#x39A;&#x3A4;&#x397;&#x3A1;&#x399;&#x3A3;&#x3A4;&#x399;&#x39A;&#x3A9;&#x39D; &#x3A4;&#x39F;&#x3A5; &#x3A0;&#x3A1;&#x39F;&#x3AA;&#x39F;&#x39D;&#x3A4;&#x39F;&#x3A3;"/>
        </valueCoding>
      </extension>
      <extension url="http://ema.europa.eu/fhir/extension/language">
        <valueCoding>
          <system value="http://spor.ema.europa.eu/v1/100000072057"/>
          <code value="100000072181"/>
          <display value="el"/>
        </valueCoding>
      </extension>
      <reference value="Bundle/36773c03-3040-45e2-82c2-bc3fc968b6a6"/>
    </item>
  </entry>
  <entry>
    <item>
      <extension url="http://ema.europa.eu/fhir/extension/documentType">
        <valueCoding>
          <system value="http://spor.ema.europa.eu/v1/100000155531"/>
          <code value="100000155533"/>
          <display value="&#x3A0;&#x391;&#x3A1;&#x391;&#x3A1;&#x3A4;&#x397;&#x39C;&#x391; &#x399;&#x399;"/>
        </valueCoding>
      </extension>
      <extension url="http://ema.europa.eu/fhir/extension/language">
        <valueCoding>
          <system value="http://spor.ema.europa.eu/v1/100000072057"/>
          <code value="100000072181"/>
          <display value="el"/>
        </valueCoding>
      </extension>
      <reference value="Bundle/58add5bc-c568-4d46-8bfd-4303634a65ff"/>
    </item>
  </entry>
  <entry>
    <item>
      <extension url="http://ema.europa.eu/fhir/extension/documentType">
        <valueCoding>
          <system value="http://spor.ema.europa.eu/v1/100000155531"/>
          <code value="100000155535"/>
          <display value="&#x391;. &#x395;&#x3A0;&#x399;&#x3A3;&#x397;&#x39C;&#x391;&#x39D;&#x3A3;&#x397;"/>
        </valueCoding>
      </extension>
      <extension url="http://ema.europa.eu/fhir/extension/language">
        <valueCoding>
          <system value="http://spor.ema.europa.eu/v1/100000072057"/>
          <code value="100000072181"/>
          <display value="el"/>
        </valueCoding>
      </extension>
      <reference value="Bundle/15b01a3f-cb36-46ff-9faf-5a6077fec10a"/>
    </item>
  </entry>
  <entry>
    <item>
      <extension url="http://ema.europa.eu/fhir/extension/documentType">
        <valueCoding>
          <system value="http://spor.ema.europa.eu/v1/100000155531"/>
          <code value="100000155538"/>
          <display value="&#x392;. &#x3A6;&#x3A5;&#x39B;&#x39B;&#x39F; &#x39F;&#x394;&#x397;&#x393;&#x399;&#x3A9;&#x39D; &#x3A7;&#x3A1;&#x397;&#x3A3;&#x397;&#x3A3;"/>
        </valueCoding>
      </extension>
      <extension url="http://ema.europa.eu/fhir/extension/language">
        <valueCoding>
          <system value="http://spor.ema.europa.eu/v1/100000072057"/>
          <code value="100000072181"/>
          <display value="el"/>
        </valueCoding>
      </extension>
      <reference value="Bundle/234d3626-fac0-4e69-86a6-556910eecfc9"/>
    </item>
  </entry>
  <entry>
    <item>
      <extension url="http://ema.europa.eu/fhir/extension/documentType">
        <valueCoding>
          <system value="http://spor.ema.europa.eu/v1/100000155531"/>
          <code value="100000155532"/>
          <display value="SUMMARY OF PRODUCT CHARACTERISTICS"/>
        </valueCoding>
      </extension>
      <extension url="http://ema.europa.eu/fhir/extension/language">
        <valueCoding>
          <system value="http://spor.ema.europa.eu/v1/100000072057"/>
          <code value="100000072147"/>
          <display value="en"/>
        </valueCoding>
      </extension>
      <reference value="Bundle/910d1748-674b-430c-b4ab-3665b266a31f"/>
    </item>
  </entry>
  <entry>
    <item>
      <extension url="http://ema.europa.eu/fhir/extension/documentType">
        <valueCoding>
          <system value="http://spor.ema.europa.eu/v1/100000155531"/>
          <code value="100000155533"/>
          <display value="ANNEX II"/>
        </valueCoding>
      </extension>
      <extension url="http://ema.europa.eu/fhir/extension/language">
        <valueCoding>
          <system value="http://spor.ema.europa.eu/v1/100000072057"/>
          <code value="100000072147"/>
          <display value="en"/>
        </valueCoding>
      </extension>
      <reference value="Bundle/464141ec-43e7-4779-baf6-09179a7abe7f"/>
    </item>
  </entry>
  <entry>
    <item>
      <extension url="http://ema.europa.eu/fhir/extension/documentType">
        <valueCoding>
          <system value="http://spor.ema.europa.eu/v1/100000155531"/>
          <code value="100000155535"/>
          <display value="A. LABELLING"/>
        </valueCoding>
      </extension>
      <extension url="http://ema.europa.eu/fhir/extension/language">
        <valueCoding>
          <system value="http://spor.ema.europa.eu/v1/100000072057"/>
          <code value="100000072147"/>
          <display value="en"/>
        </valueCoding>
      </extension>
      <reference value="Bundle/13f82397-5897-4652-a140-199fd38d4e32"/>
    </item>
  </entry>
  <entry>
    <item>
      <extension url="http://ema.europa.eu/fhir/extension/documentType">
        <valueCoding>
          <system value="http://spor.ema.europa.eu/v1/100000155531"/>
          <code value="100000155538"/>
          <display value="B. PACKAGE LEAFLET"/>
        </valueCoding>
      </extension>
      <extension url="http://ema.europa.eu/fhir/extension/language">
        <valueCoding>
          <system value="http://spor.ema.europa.eu/v1/100000072057"/>
          <code value="100000072147"/>
          <display value="en"/>
        </valueCoding>
      </extension>
      <reference value="Bundle/79147eac-56be-4aec-9e71-bee160e588b6"/>
    </item>
  </entry>
  <entry>
    <item>
      <extension url="http://ema.europa.eu/fhir/extension/documentType">
        <valueCoding>
          <system value="http://spor.ema.europa.eu/v1/100000155531"/>
          <code value="100000155532"/>
          <display value="PREPARATOMTALE"/>
        </valueCoding>
      </extension>
      <extension url="http://ema.europa.eu/fhir/extension/language">
        <valueCoding>
          <system value="http://spor.ema.europa.eu/v1/100000072057"/>
          <code value="100000072243"/>
          <display value="no"/>
        </valueCoding>
      </extension>
      <reference value="Bundle/995d3971-b899-43bf-857d-98c26634796d"/>
    </item>
  </entry>
  <entry>
    <item>
      <extension url="http://ema.europa.eu/fhir/extension/documentType">
        <valueCoding>
          <system value="http://spor.ema.europa.eu/v1/100000155531"/>
          <code value="100000155533"/>
          <display value="VEDLEGG II"/>
        </valueCoding>
      </extension>
      <extension url="http://ema.europa.eu/fhir/extension/language">
        <valueCoding>
          <system value="http://spor.ema.europa.eu/v1/100000072057"/>
          <code value="100000072243"/>
          <display value="no"/>
        </valueCoding>
      </extension>
      <reference value="Bundle/f7bada29-c5e3-4813-b399-61953447cbd8"/>
    </item>
  </entry>
  <entry>
    <item>
      <extension url="http://ema.europa.eu/fhir/extension/documentType">
        <valueCoding>
          <system value="http://spor.ema.europa.eu/v1/100000155531"/>
          <code value="100000155535"/>
          <display value="A. MERKING"/>
        </valueCoding>
      </extension>
      <extension url="http://ema.europa.eu/fhir/extension/language">
        <valueCoding>
          <system value="http://spor.ema.europa.eu/v1/100000072057"/>
          <code value="100000072243"/>
          <display value="no"/>
        </valueCoding>
      </extension>
      <reference value="Bundle/8e00e3ad-4e8b-40bf-bbe0-83e2227dd806"/>
    </item>
  </entry>
  <entry>
    <item>
      <extension url="http://ema.europa.eu/fhir/extension/documentType">
        <valueCoding>
          <system value="http://spor.ema.europa.eu/v1/100000155531"/>
          <code value="100000155538"/>
          <display value="B. PAKNINGSVEDLEGG"/>
        </valueCoding>
      </extension>
      <extension url="http://ema.europa.eu/fhir/extension/language">
        <valueCoding>
          <system value="http://spor.ema.europa.eu/v1/100000072057"/>
          <code value="100000072243"/>
          <display value="no"/>
        </valueCoding>
      </extension>
      <reference value="Bundle/00b76159-1583-4374-b892-d360b49dae01"/>
    </item>
  </entry>
</List>