{"resourceType":"ValueSet","id":"strengthPart","text":{"status":"generated","div":"<div xmlns=\"http://www.w3.org/1999/xhtml\"><p>This value set includes codes based on the following rules:</p><ul><li>Include these codes as defined in <code>urn:ietf:rfc:3986</code><table class=\"none\"><tr><td style=\"white-space:nowrap\"><b>Code</b></td><td><b>Display</b></td></tr><tr><td>https://placeholder.com</td><td/></tr></table></li><li>Include all codes defined in <code>https://spor.ema.europa.eu/rmswi</code></li></ul></div>"},"url":"http://hl7.org/fhir/uv/emedicinal-product-info/ValueSet/strengthPart","version":"1.0.0-ballot","name":"VsStrengthPart","title":"Strength of the medicinal product name","status":"active","experimental":false,"date":"2022-12-20T13:12:12+00:00","contact":[{"name":"HL7 BR&R","telecom":[{"system":"url","value":"http://www.hl7.org/Special/committees/rcrim"}]}],"description":"Strength of the medicinal product name","jurisdiction":[{"coding":[{"system":"http://unstats.un.org/unsd/methods/m49/m49.htm","code":"001","display":"World"}]}],"compose":{"include":[{"system":"urn:ietf:rfc:3986","concept":[{"code":"https://placeholder.com"}]},{"system":"https://spor.ema.europa.eu/rmswi"}]}}