{"resourceType":"ValueSet","id":"atcClassification","text":{"status":"generated","div":"<div xmlns=\"http://www.w3.org/1999/xhtml\"><ul><li>Include all codes defined in <a href=\"http://www.whocc.no/atc\"><code>http://www.whocc.no/atc</code></a></li></ul></div>"},"url":"http://hl7.org/fhir/uv/emedicinal-product-info/ValueSet/atcClassification","version":"1.0.0-ballot","name":"VsAtcClassification","title":"WHO ATC","status":"active","experimental":false,"date":"2022-12-20T13:12:12+00:00","contact":[{"name":"HL7 BR&R","telecom":[{"system":"url","value":"http://www.hl7.org/Special/committees/rcrim"}]}],"description":"World Health Organization Anatomical Therapeutic Chemical (ATC) classification system","jurisdiction":[{"coding":[{"system":"http://unstats.un.org/unsd/methods/m49/m49.htm","code":"001","display":"World"}]}],"copyright":"This artifact includes content from Anatomical Therapeutic Chemical (ATC) classification system. ATC codes are copyright World Health Organization (WHO) Collaborating Centre for Drug Statistics Methodology. Terms & Conditions in https://www.whocc.no/use_of_atc_ddd/","compose":{"include":[{"system":"http://www.whocc.no/atc"}]}}