{"resourceType":"CodeSystem","id":"CodeSystemUvEPIRomswi","text":{"status":"generated","div":"<div xmlns=\"http://www.w3.org/1999/xhtml\"><p>This code system <code>http://hl7.org/fhir/uv/emedicinal-product-info/CodeSystem/CodeSystemUvEPIRomswi</code> defines the following codes:</p><table class=\"codes\"><tr><td style=\"white-space:nowrap\"><b>Code</b></td></tr><tr><td style=\"white-space:nowrap\">1<a name=\"CodeSystemUvEPIRomswi-1\"> </a></td></tr><tr><td style=\"white-space:nowrap\">2<a name=\"CodeSystemUvEPIRomswi-2\"> </a></td></tr></table></div>"},"url":"http://hl7.org/fhir/uv/emedicinal-product-info/CodeSystem/CodeSystemUvEPIRomswi","version":"1.0.0-ballot","name":"CodeSystemUvEPIRomswi","title":"Organization Management Services CodeSystem","status":"active","experimental":false,"date":"2022-12-20T12:36:33+00:00","contact":[{"name":"HL7 BR&R","telecom":[{"system":"url","value":"http://www.hl7.org/Special/committees/rcrim"}]}],"description":"Items from https://spor.ema.europa.eu/omswi","jurisdiction":[{"coding":[{"system":"http://unstats.un.org/unsd/methods/m49/m49.htm","code":"001","display":"World"}]}],"caseSensitive":false,"content":"complete","count":2,"concept":[{"code":"1"},{"code":"2"}]}